INSERT INTO `roles` (`authority`) VALUES
	('ROLE_ADMIN'),
	('ROLE_MOVIL'),
	('ROLE_SUPER'),
	('ROLE_WEB');
INSERT INTO `usuarios_sistema` (`username`, `descripcion`, `fecha_modificacion`, `email`, `enabled`, `ecasa`, `elactancia`, `eparticipante`, `esatisfaccion`, `muestra`, `password`, `usuario`, `obsequio`, `pesotalla`, `vacunas`, `visitas`, `consentimiento`, `recepcion`) VALUES
	('admin', 'Administrador', '2014-07-03 10:10:00', 'wravmon@yahoo.com', '', '', '', '', '', '', '6c36dc262b0e44be5811c2296669fc65643aec9dcaa4a76501e0a9508b633fd01ee59a207f8c6d68', 'admin', '', '', '', '', '', ''),
	('alvarot', 'Encuestador', '2014-03-26 11:33:01', NULL, '', '', '', '', '', '', 'fa58c1e493a8cdd31aec8608bd2b5ad4e4d188d0e514419f529b3e33455c4d16e3875c0f8ff68eb4', 'jairob', '', '', '', '', '', ''),
	('alvarott', 'Tecnico de campo', '2014-07-03 10:07:03', NULL, '', '', '', '', '', '', '0ee364910c595631f5046f62dfc51f6e5313ecf8327afae8b3a32bc84de67d3b51055e205ea37a49', 'admin', '', '', '', '', '', ''),
	('amorales', 'Enceustador', '2014-03-03 07:38:25', NULL, '', '', '', '', '', '', '91c4b3341a71a3230696525ddae2ce115bc4f9f153bd26f600e3e952ebf5fe54ed5a6eae06f6e61e', 'brenda', '', '', '', '', '', ''),
	('amoralest', 'Encuestador', '2014-03-25 10:36:40', NULL, '', '', '', '', '', '', '2548dec05f63abf39ea96e026bc91b3f60d479d9895c4823b83f2d40b9dddad72a911464dfd7c1da', 'jairob', '', '', '', '', '', ''),
	('angelicae', 'Encuestador', '2014-03-11 07:56:17', NULL, '', '', '', '', '', '', 'c4965efe67dba05cc0714070766f41403372fcb713edcacd8aec0ed81c45261848ce65daaddf17ac', 'brenda', '', '', '', '', '', ''),
	('angelicaet', 'Enfermera', '2014-03-25 10:37:36', NULL, '', '', '', '', '', '', '7cf6eb98d6acdb1c19a0c76b184ad7f78bb4e78431882d59ee2dc81a291c318142317285befbc58d', 'jairob', '', '', '', '', '', ''),
	('brenda', 'Administrador', '2014-03-19 13:46:02', NULL, '', '', '', '', '', '', '4f39f650a7736adb5a92ccb34cd5e5ff3232fd1db23a27ef0baa8f623d54a0d4e79ea9f65780a7f7', 'brenda', '', '', '', '', '', ''),
	('brendat', 'Administrador', '2014-03-19 14:03:07', NULL, '', '', '', '', '', '', '849d533829ea370578d7c1bb40fd49b656c1c82ac8738cada716835fab9a885b3f567a198dfd9baa', 'brenda', '', '', '', '', '', ''),
	('chesters', 'Encuestador', '2014-03-02 15:47:16', NULL, '', '', '', '', '', '', 'ed13d34639bd61fa99f4086cff227bf9f5566543fffcec622a63acd85057826e33bd22161a9009e2', 'brenda', '', '', '', '', '', ''),
	('chesterst', 'Encuestador', '2014-03-21 18:11:09', NULL, '', '', '', '', '', '', 'c19b9c57d16e7f440e760ff8b353be36f84a5a19f82dff039d96c41a378da758fe5c7642bfde327b', 'brenda', '', '', '', '', '', ''),
	('cristinao', 'Medico', '2014-03-17 07:43:03', NULL, '', '', '', '', '', '', 'b15fe21227b5c84aaabb1c2f2ee43f84db89898cf02a79201c07c56b33ad043c8b1dfb403de8e0d0', 'brenda', '', '', '', '', '', ''),
	('cristinaot', 'Medico', '2014-03-19 14:13:31', NULL, '', '', '', '', '', '', '40d16a04ee638fec18b48087064a0a1262ea67c5be0cd4ec940f8b4dfaf64162f4fe7e4264821335', 'brenda', '', '', '', '', '', ''),
	('dayanat', 'Encuestador', '2014-03-02 15:47:37', NULL, '', '', '', '', '', '', '8e1c7883f9de6fabe412ebf1a40ea2063965b7a413f6d200986402e77b3fd201ca3509f0cde4de6c', 'brenda', '', '', '', '', '', ''),
	('dayanatt', 'Encuestador', '2014-03-25 10:39:54', NULL, '', '', '', '', '', '', '2e735a0ad91ee81ff1736c8d69ab4bbab1a9310d5ed1ebb721bfa989c0dc17fc9822a20dc51ab224', 'jairob', '', '', '', '', '', ''),
	('eddym', 'Encuestador', '2014-03-02 15:48:05', NULL, '', '', '', '', '', '', '7fefc4c53ccf4361d37a781e9a918d69dbdd01a6af3c621507095844828db410a7814de7f02ad49a', 'brenda', '', '', '', '', '', ''),
	('eddymt', 'Encuestador', '2014-03-21 07:08:41', NULL, '', '', '', '', '', '', 'eb1e8e790648d0b4b06c290f66555273847fd9d1b5ad1cb9e29dab9abcd88742826c109c654e18a9', 'brenda', '', '', '', '', '', ''),
	('eduardoa', 'Tecnico de Campo', '2014-03-03 08:41:42', NULL, '', '', '', '', '', '', '99ca8357a2f906ba25f0ccbdc98b239ad44f15bd97b7c13224d6461ccfeefb1c3b5c0379dbe3507b', 'brenda', '', '', '', '', '', ''),
	('eduardoat', 'Tecnico de campo', '2014-03-25 10:40:42', NULL, '', '', '', '', '', '', 'c15c366e7f8c9855bd17bf18ed47e81b27ac7c2671f72a6c87da69364fdba61b1f52dfce16360d3f', 'jairob', '', '', '', '', '', ''),
	('elimo', 'Encuestador', '2014-03-03 06:36:56', NULL, '', '', '', '', '', '', '4fd3abf916e3ad6287d82542415f5dc0ebfd8129abfcaf1b8dd56e194075e2cec294e01ffd7fd707', 'brenda', '', '', '', '', '', ''),
	('elimot', 'Encuestador', '2014-03-25 10:41:30', NULL, '', '', '', '', '', '', '5eeea9cec9e70d87a03e0f12f362b3d18718163c9f70a07d08d120f49feba6bca003a1514e4e4308', 'jairob', '', '', '', '', '', ''),
	('eloisan', 'Encuestador', '2014-03-05 08:12:03', NULL, '', '', '', '', '', '', 'efa79f1a14dedd8593f2a07849ba4bf26aff5f8a2291125c4ed4569004e221ccb4752bd8ca277c32', 'brenda', '', '', '', '', '', ''),
	('eloisant', 'Encuesta', '2014-03-26 11:31:14', NULL, '', '', '', '', '', '', '3445889f166b98826d0296a34e58e67147606087ea6c11864385e6e4db3f489896758b0c7ee92843', 'jairob', '', '', '', '', '', ''),
	('georginag', 'Encuestador', '2014-03-11 07:56:29', NULL, '', '', '', '', '', '', '67005ff967379c8d2dfedfdb48ce0c7f61660360611550257bab7bcb767394d957471049bc4d135f', 'brenda', '', '', '', '', '', ''),
	('georginagt', 'Encuestador', '2014-03-25 10:42:48', NULL, '', '', '', '', '', '', 'afc555518f14039d2b84daf95b754cb847449b2b0ac5a2a9716f41bfc912274d137ab620727ff303', 'jairob', '', '', '', '', '', ''),
	('germanb', 'Coordinador', '2014-03-02 15:49:07', NULL, '', '', '', '', '', '', '94a592254bda22894f086aff4970a608834e1801a0f5531a18b3cf1f068613df412d085a5f2c20a5', 'brenda', '', '', '', '', '', ''),
	('germanbt', 'Coordinador', '2014-03-25 10:43:35', NULL, '', '', '', '', '', '', '1f4b5677ff269645a7d07a84106a8bd9b4f1e5b40eda4a5f8ab60626e05a30ebd3cb639e07844665', 'jairob', '', '', '', '', '', ''),
	('geyselld', 'Encuestador', '2014-03-11 08:22:38', NULL, '', '', '', '', '', '', '01cf085795e7f37d84e6ca6479f6eef2154671afdeeb0d7cf92543cea68064f05a8182633b881db6', 'brenda', '', '', '', '', '', ''),
	('geyselldt', 'Encuestador', '2014-03-26 11:29:19', NULL, '', '', '', '', '', '', '64deec6dff976d27319bec6e2db898587646f0d3456fe532c89703782806ebc1b6dda660ec933666', 'brenda', '', '', '', '', '', ''),
	('guillermina', 'Coordinador', '2014-03-10 12:16:55', NULL, '', '', '', '', '', '', '927947ee7ecf5db4fab2d43ca5464d4403f7ae3b9bca569f7b8add0c22ddea57541b0730c85b765c', 'brenda', '', '', '', '', '', ''),
	('hectorc', 'Bionalista', '2014-03-03 06:44:58', NULL, '', '', '', '', '', '', 'a23ddd4d4c387f1132024cf932c5cb4c38845ae1c9c3b2c8456cdca27891df97efb57c61f8859151', 'brenda', '', '', '', '', '', ''),
	('heylingm', 'Encuestador', '2014-03-03 07:40:35', NULL, '', '', '', '', '', '', '4ca936b49193aad2d3ee6e0146ef34993c46d3b2424759e840eb59583b37be3a1ec5c6264b89d983', 'brenda', '', '', '', '', '', ''),
	('heylingmt', 'Encuestador', '2014-03-25 12:11:41', NULL, '', '', '', '', '', '', 'd0c5385e5c5b256481fd509688833323325d5360525fcdb4b05e788682b5a9fd0b9a4bfecdd4984d', 'jairob', '', '', '', '', '', ''),
	('heyrir', 'Bionalista', '2014-03-02 15:17:15', NULL, '', '', '', '', '', '', '01317a2385c7b52afe9e835b8aa5c89bfdffc1f3a6c49e22cfa229a1bd897cc4f6ec7a1bbf8bfebf', 'brenda', '', '', '', '', '', ''),
	('hluquez', 'Medico', '2014-03-25 11:09:55', NULL, '', '', '', '', '', '', 'fb77e8e10f5609d8dd593ce78b6481d552f88b55d95981e708f3e4316c99e00e12a1bd235652ec43', 'jairob', '', '', '', '', '', ''),
	('isabell', 'Encuestador', '2014-03-03 08:33:24', NULL, '', '', '', '', '', '', 'dd49116fb8d2f7ccbe81e756ae3b09a1050cb0e030a25525d2a943c1c6a6d49dddaa8f22c63ca71a', 'admin', '', '', '', '', '', ''),
	('isabellt', 'Encuestador', '2014-03-25 10:47:37', NULL, '', '', '', '', '', '', '5b333fd0a3e82a795939717b68f4ae84b5081a6b235d0c0306edcf4c9990f7d8bed34ef5816f7cdd', 'jairob', '', '', '', '', '', ''),
	('jairob', 'Administrador', '2014-03-02 13:15:51', NULL, '', '', '', '', '', '', 'fad97fc76ad04ff23695c23039f0a2b9ff40381e44b4cb5944e7964654987499f91807ed4671de76', 'brenda', '', '', '', '', '', ''),
	('jairot', 'Administrador', '2014-03-19 13:47:00', NULL, '', '', '', '', '', '', 'a0da8c3ff461c2c1af13358328630aa096fc8869995e090c514c9969010c6236de6b36624373174e', 'brenda', '', '', '', '', '', ''),
	('jennifers', 'Encuestador', '2014-03-02 15:50:06', NULL, '', '', '', '', '', '', 'cf00f4fce8934bd2dfd886be2de768df084a056ce023355a91b5cb484c1af731e3695208701909dc', 'brenda', '', '', '', '', '', ''),
	('jenniferst', 'Encuestador', '2014-03-25 10:49:12', NULL, '', '', '', '', '', '', '2b3bafcffce699a6d37d452ad7b2467159885c590924552cd74479a407847f06260a0c0f59338bf0', 'jairob', '', '', '', '', '', ''),
	('jorgeg', 'Encuestador', '2014-03-02 15:50:17', NULL, '', '', '', '', '', '', '5cda256755ef23b9d2da1046798cab0d33e207855bae30f6710c5e05498ceda77f40185a333552f6', 'brenda', '', '', '', '', '', ''),
	('jorgegt', 'Encuestador', '2014-03-26 11:31:56', NULL, '', '', '', '', '', '', '131c753c4cb94bc7704c813f37dfb20d378e1c1f13bf89d6fe65ad867e11a4c2ea51f74bfa9112fb', 'jairob', '', '', '', '', '', ''),
	('karlac', 'Encuestador', '2014-03-02 15:50:35', NULL, '', '', '', '', '', '', 'c93e5bafa2d36bb139612235967da060cf2faff8684e5e6543b1578c1b3342678a2b65d498a5d338', 'brenda', '', '', '', '', '', ''),
	('karlact', 'Encuestador', '2014-03-21 07:03:01', NULL, '', '', '', '', '', '', '30d3c525a230f9055ffda027d1707d331077e3f09f87f2c7037fc3cbf360ff4f22f97b81dcb1598d', 'brenda', '', '', '', '', '', ''),
	('kellym', 'Encuestador', '2014-03-02 15:52:03', NULL, '', '', '', '', '', '', 'ed25fdc0a7b414ebc478bce3248058c5d117f7011ad3fe6e686cd0633a86dec2b8b3803081e166aa', 'brenda', '', '', '', '', '', ''),
	('kellymt', 'Encuestador', '2014-03-25 12:11:58', NULL, '', '', '', '', '', '', 'aa0b1dd257133eb7c5e9d4b1986e4b3afeb3997c6e95149c7b24fff4a8246eca7b4e745d05a7fae7', 'jairob', '', '', '', '', '', ''),
	('luisc', 'Tecnico de Campo', '2014-03-02 15:59:53', NULL, '', '', '', '', '', '', '364391e1160ee3ff2ac96aeb4b742b656a369094bd99e45e4849baaf077f0a9ae8152667fcf3ce0f', 'brenda', '', '', '', '', '', ''),
	('luiscar', 'Encuestador', '2014-03-11 08:22:51', NULL, '', '', '', '', '', '', '07ba1c535a330a50cab63419e1e9ca76cc61db98cedc7c4412277682e4947744b4fee8ff64ef6239', 'brenda', '', '', '', '', '', ''),
	('luiscart', 'Encuestador', '2014-03-26 11:32:24', NULL, '', '', '', '', '', '', 'f2c37ee46e70e5dcbb059991256a0e234d60f247a7b339e84233661978d0e08b4493ddf8da555a53', 'jairob', '', '', '', '', '', ''),
	('luisct', 'Tecnico de campo', '2014-03-25 10:51:09', NULL, '', '', '', '', '', '', 'd301351c88ff8828c1f6209481939383998dff07698f8759ec01b388760b376111db4e3a31368cdd', 'jairob', '', '', '', '', '', ''),
	('luisnu', 'Encuestador', '2014-03-26 11:27:17', NULL, '', '', '', '', '', '', '6966704f4f78788ed90162bce84b38bd6223a80b8546408efb7828056a71cb5ba0eef232745731e3', 'jairob', '', '', '', '', '', ''),
	('luisnut', 'Encuestador', '2014-03-26 11:27:48', NULL, '', '', '', '', '', '', 'ac858516a79d062449b0ce6094cff6fe56a0f619ec8ddd44f431753402a9096c1c642728c792c609', 'jairob', '', '', '', '', '', ''),
	('mariah', 'Encuestador', '2014-03-02 16:01:36', NULL, '', '', '', '', '', '', '1672e9e7617ff09731adac92d52a8ab331d5ee93a074c37592c0010eabbaf7b8cdc2b08abd50bc55', 'brenda', '', '', '', '', '', ''),
	('marjouriem', 'Encuestador', '2014-03-02 16:02:16', NULL, '', '', '', '', '', '', '54b1c6983315fc48f3c422f61adf88ef8ef03038781963940bc0a252dd1e63ca59c9dfbb87ef9c80', 'brenda', '', '', '', '', '', ''),
	('marjouriemt', 'Encuestador', '2014-03-21 07:09:51', NULL, '', '', '', '', '', '', '6621aa34deb819160cbb61157aa4988e64b6017edac8603fdd0d29c66fea67745826510d1fe1cbfd', 'brenda', '', '', '', '', '', ''),
	('marlonc', 'Tecnico de Campo', '2014-03-07 09:38:43', NULL, '', '', '', '', '', '', '00287157b94468488eab2918025bd60b6f4dc67ddaee43ca70d0dc507c3d0c030523a0316e7266cd', 'brenda', '', '', '', '', '', ''),
	('marlonct', 'Tecnico de campo', '2014-03-25 10:53:16', NULL, '', '', '', '', '', '', '213d65f687e4732335eeb6dd1ec5cee04578aaf4b4f8895d22727507f3125e92669ba1453184f3b5', 'jairob', '', '', '', '', '', ''),
	('marthapl', 'Enfermera de campo', '2014-03-07 11:05:33', NULL, '', '', '', '', '', '', '43c3d58512cfdd695419d00cd2f74ed528641cf7e7b8e571bc3ee7dcd749cfaa9650604587ecffd5', 'brenda', '', '', '', '', '', ''),
	('marthaplt', 'Enfermera de campo', '2014-03-25 10:54:01', NULL, '', '', '', '', '', '', '8643218c773d322f532618ff7803b67c5a0f9dd5113a3dbf18672e7cbb2e2ecd7a17907313c7493b', 'jairob', '', '', '', '', '', ''),
	('mayraa', 'Enfermera', '2014-03-02 16:05:59', NULL, '', '', '', '', '', '', 'cbd34e3f32f017d5c3ec2940a0fdcd316ad23751273e288d9a35206da96fb245cd76e598a5ee0787', 'brenda', '', '', '', '', '', ''),
	('mayraat', 'Enfermera', '2014-03-25 10:54:47', NULL, '', '', '', '', '', '', '2642d89706f65e27ba6270746c19f195e4a307ca49141b0dc73f01b49e2cb635d94cd1311ecbfa16', 'jairob', '', '', '', '', '', ''),
	('miguelr', 'Enfermero', '2014-03-02 16:06:32', NULL, '', '', '', '', '', '', '0bb59ee2e7086569c3bc9fe78fa72813cbd078269f989a6fc06aa98b4f84932a514e84fcedff0e89', 'brenda', '', '', '', '', '', ''),
	('miguelrt', 'Supervisor', '2014-03-20 08:01:31', NULL, '', '', '', '', '', '', 'a1133d8b72c42e32da01161ce2ea3b392b308a531587631db1d90f218ab95f6c18473bd6de17bc4a', 'brenda', '', '', '', '', '', ''),
	('mplazaola', 'Medico', '2014-03-13 13:31:28', NULL, '', '', '', '', '', '', 'b73bcef878bd9be61e310c5c18f00265af73f12312d3f7d257fb437abafe4334c0f6c6eff56d0351', 'brenda', '', '', '', '', '', ''),
	('msolis', 'Medico', '2014-03-25 11:09:02', NULL, '', '', '', '', '', '', '96f21ff900f6013014b6bde9d26ff3f0028621997e1d49ff05674b43b02d3892a9e2a2444747be99', 'jairob', '', '', '', '', '', ''),
	('nerys', 'Supervisor', '2014-03-11 07:57:16', NULL, '', '', '', '', '', '', '34c757812240641850a302a9fd3525e3a679a6852fd02b8a82816695e2534abdf985ef61229fc4e7', 'brenda', '', '', '', '', '', ''),
	('neryst', 'Supervisor', '2014-03-25 10:56:42', NULL, '', '', '', '', '', '', 'c45e6c33e95bb84927c236bdc265ada2684028ef8254ac0f5b3c769eb7d5dcbbbca418816d8f9116', 'jairob', '', '', '', '', '', ''),
	('omarp', 'Encuestador', '2014-03-17 08:49:39', NULL, '', '', '', '', '', '', '8fc67347c994b5e51544f5d559f433a0e7229990c1bda2c55716d128e0643fe60e62ff7fa69cb491', 'brenda', '', '', '', '', '', ''),
	('omarpt', 'Encuestador', '2014-03-25 10:57:19', NULL, '', '', '', '', '', '', '89af5dc2200105f451b78fd910306dc0fa33f9378775268c5016256e913d721f4a5b54b6d69bb2b2', 'jairob', '', '', '', '', '', ''),
	('pedrom', 'Tecnico Campo', '2014-03-03 11:41:47', NULL, '', '', '', '', '', '', '7ca5e4757686c33faf44804f47ddcc7cd0a61e7cbed7a1bcc36233c80bff6130bca65ae2af0d1290', 'brenda', '', '', '', '', '', ''),
	('pedromt', 'Tecnico de campo', '2014-03-25 10:58:02', NULL, '', '', '', '', '', '', 'ad936b100b898643a855c41a22c34f36dc18e6aea4716cec5a1bb2b092c9462c1d3cdd8e7875f051', 'jairob', '', '', '', '', '', ''),
	('revisar', 'Revision Datos', '2014-03-11 07:55:11', NULL, '', '', '', '', '', '', '38a08f0c86cddaae90a04532a391c79987a0b1df4bc68132ab03ff9b85072a729e9573befdff82c5', 'brenda', '', '', '', '', '', ''),
	('sergioo', 'Supervisor', '2014-03-19 14:04:09', NULL, '', '', '', '', '', '', '362cb241bd859dcf7a6d5480b6e85d5bd9431cd986405c036a726a64b3e0e583e18f303db6416145', 'brenda', '', '', '', '', '', ''),
	('sergioot', 'Supervisor', '2014-03-19 14:04:54', NULL, '', '', '', '', '', '', 'e24ecaa92322115ed7561057445600218bbbdc52de9d3efd2bf2d91613134f4cb36c508152328b76', 'brenda', '', '', '', '', '', ''),
	('serioot', 'Medico', '2014-03-19 13:44:51', NULL, '', '', '', '', '', '', '98c0e80dbaaacf5fd401b5e96dc7e4cc2ef3f4efc8601f0c67ff7e6ec1d57b8e9e0a5be5e67ba5e4', 'brenda', '', '', '', '', '', ''),
	('supervisor', 'supervisor', '2014-02-21 18:10:11', 'supervisor@user.com', '', '', '', '', '', '', '31c7fdac6a4ba28f79f5884b68eb41f43507d2ea9bf29878a39385782a3786305eb382f006bc841a', 'william', '', '', '', '', '', ''),
	('thelmam', 'Encuestador', '2014-03-03 13:45:26', NULL, '', '', '', '', '', '', '1939bdcfbf77c728601e77e21b8eaff7109acf9f9781ace54758f70618572f6c23ced74415af7b4f', 'brenda', '', '', '', '', '', ''),
	('thelmamt', 'Encuestador', '2014-03-21 18:14:59', NULL, '', '', '', '', '', '', '050459963764b6acc396e33488f538f7b442a2b9943c4444e702f2c644af1d8fc564a7d1f89c9179', 'brenda', '', '', '', '', '', ''),
	('usuario1', 'usuario1', '2014-07-30 14:08:55', 'usuario1@ics.org.ni', '', '', '', '', '', '', '47ab3a9db6190ab9c5517340ca29fab6696e259624926188b8e059c9f0f356615bbb9047644d762b', 'admin', '', '', '', '', '', ''),
	('usuario2', 'usuario2', '2014-02-21 18:02:31', 'usuario2@user.com', '', '', '', '', '', '', '4f8275ed08ce7a5e9ba4789908800ec935fa9daba99b2e9fce661a819bd38299bf80ab817eff70e5', 'william', '', '', '', '', '', ''),
	('usuario3', 'usuario3', '2014-02-21 18:02:49', 'usuario3@user.com', '', '', '', '', '', '', '9be13c18fdc925a28da3bea19e4a2bd979e58cc6fd824f7aad4cbb67fb9b505095ce47502217fb70', 'william', '', '', '', '', '', ''),
	('usuario4', 'usuario4', '2014-02-21 18:03:04', 'usuario4@user.com', '', '', '', '', '', '', '9923c32acd199c3e3d996b420614607871afc4a6f44b70894ee248115032c2b284a7b963f65dfa1b', 'william', '', '', '', '', '', ''),
	('usuario5', 'usuario5', '2014-02-21 18:03:22', 'usuario5@user.com', '', '', '', '', '', '', 'ff3b7e05b974676304d7f46afe7a0ad18ba1ffc208fe1cb2e399d9fae0fdac045126b1c9c940ad97', 'william', '', '', '', '', '', ''),
	('yaderg', 'Encuestador', '2014-03-11 14:38:19', NULL, '', '', '', '', '', '', '35d80f7cc5521db39d2c19e91bc3d5eab6e3c9ab79ee1adb7584f1c2fbb82378406f3d4c60035c31', 'brenda', '', '', '', '', '', ''),
	('yadergt', 'Encuestador', '2014-03-25 10:59:21', NULL, '', '', '', '', '', '', '65cd503a5610507a349af6ad1f19ae6d4d589e4fac3ebc947b1744171b295c37a07df9755769aab9', 'jairob', '', '', '', '', '', ''),
	('yurism', 'Medico', '2014-03-12 14:57:57', NULL, '', '', '', '', '', '', '161195b15c416dbbbff388dabc9a34546a3e3cd455119c57c4f9c20d525ee8c9c61c98dd3a69d047', 'brenda', '', '', '', '', '', '');
	
	INSERT INTO `usuarios_roles` (`authority`, `username`) VALUES
	('ROLE_ADMIN', 'admin'),
	('ROLE_MOVIL', 'admin'),
	('ROLE_SUPER', 'admin'),
	('ROLE_WEB', 'admin'),
	('ROLE_MOVIL', 'alvarot'),
	('ROLE_MOVIL', 'alvarott'),
	('ROLE_MOVIL', 'amorales'),
	('ROLE_MOVIL', 'amoralest'),
	('ROLE_MOVIL', 'angelicae'),
	('ROLE_MOVIL', 'angelicaet'),
	('ROLE_ADMIN', 'brenda'),
	('ROLE_MOVIL', 'brenda'),
	('ROLE_WEB', 'brenda'),
	('ROLE_ADMIN', 'brendat'),
	('ROLE_MOVIL', 'brendat'),
	('ROLE_WEB', 'brendat'),
	('ROLE_MOVIL', 'chesters'),
	('ROLE_MOVIL', 'chesterst'),
	('ROLE_MOVIL', 'cristinao'),
	('ROLE_SUPER', 'cristinao'),
	('ROLE_WEB', 'cristinao'),
	('ROLE_MOVIL', 'cristinaot'),
	('ROLE_SUPER', 'cristinaot'),
	('ROLE_WEB', 'cristinaot'),
	('ROLE_MOVIL', 'dayanat'),
	('ROLE_MOVIL', 'dayanatt'),
	('ROLE_MOVIL', 'eddym'),
	('ROLE_MOVIL', 'eddymt'),
	('ROLE_MOVIL', 'eduardoa'),
	('ROLE_MOVIL', 'eduardoat'),
	('ROLE_MOVIL', 'elimo'),
	('ROLE_MOVIL', 'elimot'),
	('ROLE_MOVIL', 'eloisan'),
	('ROLE_MOVIL', 'eloisant'),
	('ROLE_MOVIL', 'georginag'),
	('ROLE_MOVIL', 'georginagt'),
	('ROLE_MOVIL', 'germanb'),
	('ROLE_MOVIL', 'germanbt'),
	('ROLE_MOVIL', 'geyselld'),
	('ROLE_MOVIL', 'geyselldt'),
	('ROLE_MOVIL', 'guillermina'),
	('ROLE_SUPER', 'guillermina'),
	('ROLE_WEB', 'guillermina'),
	('ROLE_MOVIL', 'hectorc'),
	('ROLE_SUPER', 'hectorc'),
	('ROLE_MOVIL', 'heylingm'),
	('ROLE_MOVIL', 'heylingmt'),
	('ROLE_MOVIL', 'heyrir'),
	('ROLE_SUPER', 'heyrir'),
	('ROLE_MOVIL', 'hluquez'),
	('ROLE_MOVIL', 'isabell'),
	('ROLE_MOVIL', 'isabellt'),
	('ROLE_ADMIN', 'jairob'),
	('ROLE_MOVIL', 'jairob'),
	('ROLE_WEB', 'jairob'),
	('ROLE_MOVIL', 'jennifers'),
	('ROLE_MOVIL', 'jenniferst'),
	('ROLE_MOVIL', 'jorgeg'),
	('ROLE_MOVIL', 'jorgegt'),
	('ROLE_MOVIL', 'karlac'),
	('ROLE_MOVIL', 'karlact'),
	('ROLE_MOVIL', 'kellym'),
	('ROLE_MOVIL', 'kellymt'),
	('ROLE_MOVIL', 'luisc'),
	('ROLE_MOVIL', 'luiscar'),
	('ROLE_MOVIL', 'luiscart'),
	('ROLE_MOVIL', 'luisct'),
	('ROLE_MOVIL', 'luisnu'),
	('ROLE_MOVIL', 'luisnut'),
	('ROLE_MOVIL', 'mariah'),
	('ROLE_MOVIL', 'marjouriem'),
	('ROLE_MOVIL', 'marjouriemt'),
	('ROLE_MOVIL', 'marlonc'),
	('ROLE_MOVIL', 'marlonct'),
	('ROLE_MOVIL', 'marthapl'),
	('ROLE_MOVIL', 'marthaplt'),
	('ROLE_MOVIL', 'mayraa'),
	('ROLE_MOVIL', 'mayraat'),
	('ROLE_MOVIL', 'miguelr'),
	('ROLE_SUPER', 'miguelr'),
	('ROLE_MOVIL', 'miguelrt'),
	('ROLE_MOVIL', 'mplazaola'),
	('ROLE_MOVIL', 'msolis'),
	('ROLE_MOVIL', 'nerys'),
	('ROLE_SUPER', 'nerys'),
	('ROLE_WEB', 'nerys'),
	('ROLE_MOVIL', 'neryst'),
	('ROLE_SUPER', 'neryst'),
	('ROLE_WEB', 'neryst'),
	('ROLE_MOVIL', 'omarp'),
	('ROLE_MOVIL', 'omarpt'),
	('ROLE_MOVIL', 'pedrom'),
	('ROLE_MOVIL', 'pedromt'),
	('ROLE_MOVIL', 'revisar'),
	('ROLE_MOVIL', 'sergioo'),
	('ROLE_SUPER', 'sergioo'),
	('ROLE_WEB', 'sergioo'),
	('ROLE_MOVIL', 'sergioot'),
	('ROLE_SUPER', 'sergioot'),
	('ROLE_WEB', 'sergioot'),
	('ROLE_MOVIL', 'serioot'),
	('ROLE_WEB', 'serioot'),
	('ROLE_MOVIL', 'supervisor'),
	('ROLE_SUPER', 'supervisor'),
	('ROLE_WEB', 'supervisor'),
	('ROLE_MOVIL', 'thelmam'),
	('ROLE_MOVIL', 'thelmamt'),
	('ROLE_MOVIL', 'usuario1'),
	('ROLE_WEB', 'usuario1'),
	('ROLE_MOVIL', 'usuario2'),
	('ROLE_MOVIL', 'usuario3'),
	('ROLE_MOVIL', 'usuario4'),
	('ROLE_MOVIL', 'usuario5'),
	('ROLE_MOVIL', 'yaderg'),
	('ROLE_MOVIL', 'yadergt'),
	('ROLE_MOVIL', 'yurism');